PostID,ForumMessage,TopicLabel
57270,Don’t fall behind the clan schedule,Addiction_Culture
50860,Don’t fall behind the clan schedule,Burnout_Symptoms
55390,Anyone else skipping sleep to finish challenges?,Burnout_Symptoms
55191,Why is everyone pushing no-sleep raids?,Community_Peer_Pressure
55734,Why is everyone pushing no-sleep raids?,Burnout_Symptoms
56265,This 48-hour marathon is insane but worth it,FOMO_Driven_Play
50466,Anyone else skipping sleep to finish challenges?,FOMO_Driven_Play
54426,I'm grinding all night for the event,Community_Peer_Pressure
55578,Why is everyone pushing no-sleep raids?,FOMO_Driven_Play
58322,Community challenge forcing me to stay online,No_Sleep_Challenges
51685,We need to keep playing to stay on leaderboard,Community_Peer_Pressure
50769,I'm grinding all night for the event,No_Sleep_Challenges
56949,I can’t miss this meta-update grind,Addiction_Culture
52433,Community challenge forcing me to stay online,No_Sleep_Challenges
55311,Community challenge forcing me to stay online,Addiction_Culture
55051,Anyone else skipping sleep to finish challenges?,Addiction_Culture
56420,This 48-hour marathon is insane but worth it,No_Sleep_Challenges
51184,I can’t miss this meta-update grind,Community_Peer_Pressure
54555,Why is everyone pushing no-sleep raids?,FOMO_Driven_Play
53385,Anyone else skipping sleep to finish challenges?,FOMO_Driven_Play
56396,Why is everyone pushing no-sleep raids?,Addiction_Culture
58666,Anyone else skipping sleep to finish challenges?,Addiction_Culture
59274,Anyone else skipping sleep to finish challenges?,Community_Peer_Pressure
52558,Anyone else skipping sleep to finish challenges?,Burnout_Symptoms
57849,This 48-hour marathon is insane but worth it,No_Sleep_Challenges
52047,Anyone else skipping sleep to finish challenges?,Addiction_Culture
52747,I feel burnt out but the reward is too good,FOMO_Driven_Play
59167,We need to keep playing to stay on leaderboard,Community_Peer_Pressure
59998,Why is everyone pushing no-sleep raids?,No_Sleep_Challenges
50189,I'm grinding all night for the event,Community_Peer_Pressure
52734,This season pass is making me play nonstop,No_Sleep_Challenges
53005,I can’t miss this meta-update grind,No_Sleep_Challenges
54658,Don’t fall behind the clan schedule,Addiction_Culture
51899,This 48-hour marathon is insane but worth it,Community_Peer_Pressure
57734,I'm grinding all night for the event,Community_Peer_Pressure
51267,Community challenge forcing me to stay online,FOMO_Driven_Play
51528,I feel burnt out but the reward is too good,FOMO_Driven_Play
53556,Don’t fall behind the clan schedule,Addiction_Culture
53890,This season pass is making me play nonstop,Addiction_Culture
58838,I'm grinding all night for the event,Burnout_Symptoms
55393,Don’t fall behind the clan schedule,FOMO_Driven_Play
58792,I'm grinding all night for the event,No_Sleep_Challenges
58433,I feel burnt out but the reward is too good,Community_Peer_Pressure
57513,This season pass is making me play nonstop,Addiction_Culture
52612,Community challenge forcing me to stay online,Community_Peer_Pressure
57041,Anyone else skipping sleep to finish challenges?,Community_Peer_Pressure
59555,Why is everyone pushing no-sleep raids?,Burnout_Symptoms
56235,Community challenge forcing me to stay online,FOMO_Driven_Play
55486,Anyone else skipping sleep to finish challenges?,Addiction_Culture
57099,This 48-hour marathon is insane but worth it,Community_Peer_Pressure
59670,We need to keep playing to stay on leaderboard,Addiction_Culture
50775,I can’t miss this meta-update grind,No_Sleep_Challenges
58226,I can’t miss this meta-update grind,Burnout_Symptoms
53152,Why is everyone pushing no-sleep raids?,No_Sleep_Challenges
51585,This season pass is making me play nonstop,Addiction_Culture
53943,I feel burnt out but the reward is too good,Addiction_Culture
57555,This season pass is making me play nonstop,FOMO_Driven_Play
53073,I feel burnt out but the reward is too good,Community_Peer_Pressure
51021,This season pass is making me play nonstop,Community_Peer_Pressure
53843,We need to keep playing to stay on leaderboard,No_Sleep_Challenges
57989,This 48-hour marathon is insane but worth it,Burnout_Symptoms
59692,This 48-hour marathon is insane but worth it,Community_Peer_Pressure
56873,Anyone else skipping sleep to finish challenges?,FOMO_Driven_Play
55675,Don’t fall behind the clan schedule,No_Sleep_Challenges
50161,This 48-hour marathon is insane but worth it,No_Sleep_Challenges
54297,This 48-hour marathon is insane but worth it,FOMO_Driven_Play
50995,Community challenge forcing me to stay online,Burnout_Symptoms
57629,Community challenge forcing me to stay online,FOMO_Driven_Play
59467,Anyone else skipping sleep to finish challenges?,Burnout_Symptoms
51016,Don’t fall behind the clan schedule,FOMO_Driven_Play
57869,Why is everyone pushing no-sleep raids?,FOMO_Driven_Play
56439,Community challenge forcing me to stay online,Addiction_Culture
57892,Why is everyone pushing no-sleep raids?,No_Sleep_Challenges
56863,I'm grinding all night for the event,FOMO_Driven_Play
57916,Community challenge forcing me to stay online,FOMO_Driven_Play
58529,We need to keep playing to stay on leaderboard,Community_Peer_Pressure
50878,Don’t fall behind the clan schedule,No_Sleep_Challenges
59268,Anyone else skipping sleep to finish challenges?,Community_Peer_Pressure
54887,I'm grinding all night for the event,No_Sleep_Challenges
54859,Don’t fall behind the clan schedule,Community_Peer_Pressure
56331,We need to keep playing to stay on leaderboard,FOMO_Driven_Play
58571,Don’t fall behind the clan schedule,FOMO_Driven_Play
58684,We need to keep playing to stay on leaderboard,Addiction_Culture
57208,We need to keep playing to stay on leaderboard,Community_Peer_Pressure
55276,Why is everyone pushing no-sleep raids?,Burnout_Symptoms
52062,This season pass is making me play nonstop,Addiction_Culture
50064,I'm grinding all night for the event,Community_Peer_Pressure
58006,Don’t fall behind the clan schedule,Community_Peer_Pressure
52568,I feel burnt out but the reward is too good,Addiction_Culture
55463,I'm grinding all night for the event,FOMO_Driven_Play
52027,This season pass is making me play nonstop,Community_Peer_Pressure
52695,I'm grinding all night for the event,FOMO_Driven_Play
59687,This 48-hour marathon is insane but worth it,Addiction_Culture
55258,I feel burnt out but the reward is too good,FOMO_Driven_Play
55618,This season pass is making me play nonstop,No_Sleep_Challenges
56736,Why is everyone pushing no-sleep raids?,Burnout_Symptoms
50391,Don’t fall behind the clan schedule,Community_Peer_Pressure
55892,I can’t miss this meta-update grind,Burnout_Symptoms
53561,This season pass is making me play nonstop,FOMO_Driven_Play
56184,Anyone else skipping sleep to finish challenges?,Community_Peer_Pressure
53099,Don’t fall behind the clan schedule,FOMO_Driven_Play
56278,This season pass is making me play nonstop,No_Sleep_Challenges
58392,This 48-hour marathon is insane but worth it,Addiction_Culture
53104,I can’t miss this meta-update grind,Community_Peer_Pressure
57215,This 48-hour marathon is insane but worth it,No_Sleep_Challenges
52454,I can’t miss this meta-update grind,No_Sleep_Challenges
58996,Anyone else skipping sleep to finish challenges?,Community_Peer_Pressure
52731,Don’t fall behind the clan schedule,FOMO_Driven_Play
58154,Why is everyone pushing no-sleep raids?,No_Sleep_Challenges
59762,This 48-hour marathon is insane but worth it,Burnout_Symptoms
55056,This 48-hour marathon is insane but worth it,No_Sleep_Challenges
58110,We need to keep playing to stay on leaderboard,FOMO_Driven_Play
53840,I can’t miss this meta-update grind,FOMO_Driven_Play
51028,Community challenge forcing me to stay online,Burnout_Symptoms
57385,Don’t fall behind the clan schedule,No_Sleep_Challenges
50502,I can’t miss this meta-update grind,FOMO_Driven_Play
56910,We need to keep playing to stay on leaderboard,Community_Peer_Pressure
59062,I'm grinding all night for the event,Addiction_Culture
56938,I can’t miss this meta-update grind,Addiction_Culture
54488,Why is everyone pushing no-sleep raids?,Addiction_Culture
50206,Don’t fall behind the clan schedule,No_Sleep_Challenges
55134,We need to keep playing to stay on leaderboard,Burnout_Symptoms
55977,I'm grinding all night for the event,FOMO_Driven_Play
57721,I feel burnt out but the reward is too good,Community_Peer_Pressure
57035,We need to keep playing to stay on leaderboard,Community_Peer_Pressure
51484,I feel burnt out but the reward is too good,No_Sleep_Challenges
57858,Don’t fall behind the clan schedule,Addiction_Culture
50863,This 48-hour marathon is insane but worth it,No_Sleep_Challenges
52790,We need to keep playing to stay on leaderboard,Burnout_Symptoms
57408,Anyone else skipping sleep to finish challenges?,Burnout_Symptoms
58755,I feel burnt out but the reward is too good,FOMO_Driven_Play
55116,Why is everyone pushing no-sleep raids?,FOMO_Driven_Play
56019,Anyone else skipping sleep to finish challenges?,Burnout_Symptoms
51757,This season pass is making me play nonstop,Burnout_Symptoms
57574,This season pass is making me play nonstop,Burnout_Symptoms
56374,I'm grinding all night for the event,No_Sleep_Challenges
56892,This 48-hour marathon is insane but worth it,Burnout_Symptoms
51678,Don’t fall behind the clan schedule,Community_Peer_Pressure
53242,We need to keep playing to stay on leaderboard,Addiction_Culture
54636,Community challenge forcing me to stay online,Burnout_Symptoms
51059,Why is everyone pushing no-sleep raids?,Addiction_Culture
56668,I feel burnt out but the reward is too good,No_Sleep_Challenges
59914,Don’t fall behind the clan schedule,Addiction_Culture
53157,Anyone else skipping sleep to finish challenges?,No_Sleep_Challenges
55915,This season pass is making me play nonstop,Community_Peer_Pressure
59789,Why is everyone pushing no-sleep raids?,No_Sleep_Challenges
52693,Community challenge forcing me to stay online,No_Sleep_Challenges
53627,We need to keep playing to stay on leaderboard,FOMO_Driven_Play
59555,I'm grinding all night for the event,Burnout_Symptoms
55450,Community challenge forcing me to stay online,Burnout_Symptoms
51663,Why is everyone pushing no-sleep raids?,Community_Peer_Pressure
59721,Community challenge forcing me to stay online,Community_Peer_Pressure
55592,Why is everyone pushing no-sleep raids?,Burnout_Symptoms
57392,Why is everyone pushing no-sleep raids?,FOMO_Driven_Play
51306,I can’t miss this meta-update grind,Burnout_Symptoms
56776,I feel burnt out but the reward is too good,FOMO_Driven_Play
55864,This season pass is making me play nonstop,Community_Peer_Pressure
59474,I can’t miss this meta-update grind,Addiction_Culture
57526,We need to keep playing to stay on leaderboard,Community_Peer_Pressure
58901,I can’t miss this meta-update grind,Community_Peer_Pressure
55575,This 48-hour marathon is insane but worth it,No_Sleep_Challenges
55530,This 48-hour marathon is insane but worth it,No_Sleep_Challenges
54413,This season pass is making me play nonstop,No_Sleep_Challenges
53748,Community challenge forcing me to stay online,No_Sleep_Challenges
50663,I feel burnt out but the reward is too good,FOMO_Driven_Play
51998,This season pass is making me play nonstop,Burnout_Symptoms
57994,Why is everyone pushing no-sleep raids?,Addiction_Culture
51495,Anyone else skipping sleep to finish challenges?,Community_Peer_Pressure
53304,I feel burnt out but the reward is too good,FOMO_Driven_Play
53763,I feel burnt out but the reward is too good,Addiction_Culture
55232,Why is everyone pushing no-sleep raids?,FOMO_Driven_Play
51853,Why is everyone pushing no-sleep raids?,FOMO_Driven_Play
56585,I'm grinding all night for the event,Community_Peer_Pressure
51291,This season pass is making me play nonstop,Burnout_Symptoms
53581,Why is everyone pushing no-sleep raids?,No_Sleep_Challenges
57554,This 48-hour marathon is insane but worth it,Burnout_Symptoms
57280,We need to keep playing to stay on leaderboard,Community_Peer_Pressure
51636,Anyone else skipping sleep to finish challenges?,Community_Peer_Pressure
53696,This season pass is making me play nonstop,Community_Peer_Pressure
50698,Don’t fall behind the clan schedule,Addiction_Culture
54737,This 48-hour marathon is insane but worth it,Burnout_Symptoms
50854,Community challenge forcing me to stay online,Burnout_Symptoms
58164,Why is everyone pushing no-sleep raids?,FOMO_Driven_Play
55855,Don’t fall behind the clan schedule,FOMO_Driven_Play
57392,Why is everyone pushing no-sleep raids?,FOMO_Driven_Play
56528,I feel burnt out but the reward is too good,Community_Peer_Pressure
55249,This 48-hour marathon is insane but worth it,Burnout_Symptoms
55172,I feel burnt out but the reward is too good,Community_Peer_Pressure
51707,I'm grinding all night for the event,Addiction_Culture
55791,I feel burnt out but the reward is too good,FOMO_Driven_Play
59925,I'm grinding all night for the event,Community_Peer_Pressure
55535,I'm grinding all night for the event,Community_Peer_Pressure
54931,Don’t fall behind the clan schedule,Addiction_Culture
53510,Why is everyone pushing no-sleep raids?,No_Sleep_Challenges
50202,Community challenge forcing me to stay online,Burnout_Symptoms
54218,I feel burnt out but the reward is too good,No_Sleep_Challenges
58958,This 48-hour marathon is insane but worth it,FOMO_Driven_Play
54389,I'm grinding all night for the event,Community_Peer_Pressure
52327,Why is everyone pushing no-sleep raids?,Addiction_Culture
58004,Anyone else skipping sleep to finish challenges?,Addiction_Culture
52931,This season pass is making me play nonstop,Burnout_Symptoms
57777,Don’t fall behind the clan schedule,No_Sleep_Challenges
50197,Community challenge forcing me to stay online,Burnout_Symptoms
57125,I can’t miss this meta-update grind,Community_Peer_Pressure
51930,Don’t fall behind the clan schedule,Burnout_Symptoms
56287,Anyone else skipping sleep to finish challenges?,Addiction_Culture
58800,This season pass is making me play nonstop,Addiction_Culture
59339,Anyone else skipping sleep to finish challenges?,FOMO_Driven_Play
54282,I feel burnt out but the reward is too good,FOMO_Driven_Play
52511,I'm grinding all night for the event,Community_Peer_Pressure
59986,Community challenge forcing me to stay online,No_Sleep_Challenges
50659,We need to keep playing to stay on leaderboard,Burnout_Symptoms
52811,I'm grinding all night for the event,Community_Peer_Pressure
57098,We need to keep playing to stay on leaderboard,FOMO_Driven_Play
56546,This season pass is making me play nonstop,Burnout_Symptoms
59561,Why is everyone pushing no-sleep raids?,FOMO_Driven_Play
51986,I can’t miss this meta-update grind,Burnout_Symptoms
58338,This 48-hour marathon is insane but worth it,No_Sleep_Challenges
52911,I'm grinding all night for the event,Community_Peer_Pressure
51734,Community challenge forcing me to stay online,Burnout_Symptoms
51843,Anyone else skipping sleep to finish challenges?,Addiction_Culture
58680,Community challenge forcing me to stay online,Addiction_Culture
52976,This season pass is making me play nonstop,Burnout_Symptoms
51959,We need to keep playing to stay on leaderboard,Burnout_Symptoms
55759,Anyone else skipping sleep to finish challenges?,Burnout_Symptoms
56694,This 48-hour marathon is insane but worth it,Addiction_Culture
52385,This 48-hour marathon is insane but worth it,Addiction_Culture
54736,I'm grinding all night for the event,Burnout_Symptoms
51802,This season pass is making me play nonstop,FOMO_Driven_Play
58155,Why is everyone pushing no-sleep raids?,FOMO_Driven_Play
58120,This season pass is making me play nonstop,No_Sleep_Challenges
56616,We need to keep playing to stay on leaderboard,Community_Peer_Pressure
55534,Community challenge forcing me to stay online,FOMO_Driven_Play
54061,This 48-hour marathon is insane but worth it,Addiction_Culture
50262,Community challenge forcing me to stay online,FOMO_Driven_Play
56287,Community challenge forcing me to stay online,No_Sleep_Challenges
58815,Community challenge forcing me to stay online,No_Sleep_Challenges
59208,This 48-hour marathon is insane but worth it,Community_Peer_Pressure
52049,Don’t fall behind the clan schedule,FOMO_Driven_Play
55423,I feel burnt out but the reward is too good,Addiction_Culture
54548,We need to keep playing to stay on leaderboard,Addiction_Culture
53108,Don’t fall behind the clan schedule,Burnout_Symptoms
57158,We need to keep playing to stay on leaderboard,Addiction_Culture
57400,Anyone else skipping sleep to finish challenges?,Community_Peer_Pressure
53170,This season pass is making me play nonstop,Community_Peer_Pressure
59874,This season pass is making me play nonstop,Addiction_Culture
52255,I can’t miss this meta-update grind,Addiction_Culture
51154,This season pass is making me play nonstop,Burnout_Symptoms
54499,This 48-hour marathon is insane but worth it,Addiction_Culture
56295,Why is everyone pushing no-sleep raids?,Burnout_Symptoms
56197,I'm grinding all night for the event,Burnout_Symptoms
59888,I can’t miss this meta-update grind,Addiction_Culture
51648,I'm grinding all night for the event,No_Sleep_Challenges
55539,We need to keep playing to stay on leaderboard,No_Sleep_Challenges
59637,I'm grinding all night for the event,Burnout_Symptoms
54199,I'm grinding all night for the event,Addiction_Culture
58445,I can’t miss this meta-update grind,No_Sleep_Challenges
52557,Anyone else skipping sleep to finish challenges?,Addiction_Culture
55592,Community challenge forcing me to stay online,Addiction_Culture
50098,This season pass is making me play nonstop,Addiction_Culture
52200,This season pass is making me play nonstop,FOMO_Driven_Play
52961,This 48-hour marathon is insane but worth it,Addiction_Culture
54973,I can’t miss this meta-update grind,FOMO_Driven_Play
54433,This 48-hour marathon is insane but worth it,Burnout_Symptoms
52869,Why is everyone pushing no-sleep raids?,No_Sleep_Challenges
50956,Why is everyone pushing no-sleep raids?,No_Sleep_Challenges
58352,This 48-hour marathon is insane but worth it,No_Sleep_Challenges
55699,I can’t miss this meta-update grind,No_Sleep_Challenges
56944,This 48-hour marathon is insane but worth it,No_Sleep_Challenges
54493,This season pass is making me play nonstop,No_Sleep_Challenges
59492,Don’t fall behind the clan schedule,No_Sleep_Challenges
54911,I feel burnt out but the reward is too good,Burnout_Symptoms
53987,I'm grinding all night for the event,Addiction_Culture
59719,I feel burnt out but the reward is too good,Community_Peer_Pressure
56015,I can’t miss this meta-update grind,FOMO_Driven_Play
51218,I feel burnt out but the reward is too good,Community_Peer_Pressure
54496,Why is everyone pushing no-sleep raids?,Community_Peer_Pressure
54735,We need to keep playing to stay on leaderboard,Addiction_Culture
54555,I'm grinding all night for the event,Addiction_Culture
59146,Community challenge forcing me to stay online,Addiction_Culture
58050,I can’t miss this meta-update grind,No_Sleep_Challenges
53446,I'm grinding all night for the event,Burnout_Symptoms
51045,I feel burnt out but the reward is too good,No_Sleep_Challenges
56893,Why is everyone pushing no-sleep raids?,Burnout_Symptoms
51693,Anyone else skipping sleep to finish challenges?,Burnout_Symptoms
53436,Don’t fall behind the clan schedule,Community_Peer_Pressure
58754,Community challenge forcing me to stay online,Community_Peer_Pressure
55895,Don’t fall behind the clan schedule,Burnout_Symptoms
53354,I'm grinding all night for the event,Burnout_Symptoms
50225,Why is everyone pushing no-sleep raids?,No_Sleep_Challenges
54893,Why is everyone pushing no-sleep raids?,No_Sleep_Challenges
57022,I feel burnt out but the reward is too good,Community_Peer_Pressure
59151,This season pass is making me play nonstop,Addiction_Culture
55600,I feel burnt out but the reward is too good,Burnout_Symptoms
57996,This season pass is making me play nonstop,No_Sleep_Challenges
59007,This season pass is making me play nonstop,Community_Peer_Pressure
57683,Community challenge forcing me to stay online,No_Sleep_Challenges
54642,I feel burnt out but the reward is too good,Burnout_Symptoms
57679,Anyone else skipping sleep to finish challenges?,Burnout_Symptoms
58208,This 48-hour marathon is insane but worth it,FOMO_Driven_Play
57339,This 48-hour marathon is insane but worth it,Addiction_Culture
59435,I feel burnt out but the reward is too good,FOMO_Driven_Play
52205,I feel burnt out but the reward is too good,Community_Peer_Pressure
51069,Don’t fall behind the clan schedule,No_Sleep_Challenges
53444,Community challenge forcing me to stay online,Community_Peer_Pressure
51060,I feel burnt out but the reward is too good,Burnout_Symptoms
52327,Don’t fall behind the clan schedule,FOMO_Driven_Play
53420,This season pass is making me play nonstop,FOMO_Driven_Play
50301,Why is everyone pushing no-sleep raids?,FOMO_Driven_Play
50606,Why is everyone pushing no-sleep raids?,Community_Peer_Pressure
53170,This season pass is making me play nonstop,Burnout_Symptoms
50699,I can’t miss this meta-update grind,No_Sleep_Challenges
55088,Don’t fall behind the clan schedule,No_Sleep_Challenges
59331,Don’t fall behind the clan schedule,Community_Peer_Pressure
50190,This season pass is making me play nonstop,FOMO_Driven_Play
50980,Anyone else skipping sleep to finish challenges?,Addiction_Culture
52975,We need to keep playing to stay on leaderboard,Community_Peer_Pressure
56102,I'm grinding all night for the event,Community_Peer_Pressure
51184,This season pass is making me play nonstop,Burnout_Symptoms
53327,I feel burnt out but the reward is too good,No_Sleep_Challenges
53394,I feel burnt out but the reward is too good,Community_Peer_Pressure
58319,Community challenge forcing me to stay online,Community_Peer_Pressure
51816,This season pass is making me play nonstop,FOMO_Driven_Play
55854,Community challenge forcing me to stay online,FOMO_Driven_Play
56709,This season pass is making me play nonstop,Addiction_Culture
50569,Don’t fall behind the clan schedule,Burnout_Symptoms
55442,I'm grinding all night for the event,Addiction_Culture
51895,Don’t fall behind the clan schedule,FOMO_Driven_Play
52733,We need to keep playing to stay on leaderboard,No_Sleep_Challenges
53863,Why is everyone pushing no-sleep raids?,FOMO_Driven_Play
57455,This 48-hour marathon is insane but worth it,Burnout_Symptoms
54014,This season pass is making me play nonstop,FOMO_Driven_Play
51686,We need to keep playing to stay on leaderboard,Burnout_Symptoms
53009,Why is everyone pushing no-sleep raids?,Burnout_Symptoms
57806,I can’t miss this meta-update grind,Burnout_Symptoms
50154,I'm grinding all night for the event,Burnout_Symptoms
51409,Community challenge forcing me to stay online,Burnout_Symptoms
50784,Community challenge forcing me to stay online,No_Sleep_Challenges
58096,Don’t fall behind the clan schedule,Addiction_Culture
57560,I feel burnt out but the reward is too good,Community_Peer_Pressure
57343,Why is everyone pushing no-sleep raids?,Addiction_Culture
57206,I can’t miss this meta-update grind,Burnout_Symptoms
55596,We need to keep playing to stay on leaderboard,No_Sleep_Challenges
55801,I'm grinding all night for the event,FOMO_Driven_Play
52806,Why is everyone pushing no-sleep raids?,No_Sleep_Challenges
50537,I can’t miss this meta-update grind,Burnout_Symptoms
55986,This 48-hour marathon is insane but worth it,No_Sleep_Challenges
51841,This season pass is making me play nonstop,No_Sleep_Challenges
58716,Community challenge forcing me to stay online,Burnout_Symptoms
56971,We need to keep playing to stay on leaderboard,No_Sleep_Challenges
55625,Community challenge forcing me to stay online,Community_Peer_Pressure
52950,We need to keep playing to stay on leaderboard,Community_Peer_Pressure
57992,Don’t fall behind the clan schedule,No_Sleep_Challenges
54780,I feel burnt out but the reward is too good,FOMO_Driven_Play
52368,We need to keep playing to stay on leaderboard,Burnout_Symptoms
56655,Community challenge forcing me to stay online,Community_Peer_Pressure
58173,Don’t fall behind the clan schedule,FOMO_Driven_Play
54495,We need to keep playing to stay on leaderboard,No_Sleep_Challenges
59163,This 48-hour marathon is insane but worth it,FOMO_Driven_Play
56002,I feel burnt out but the reward is too good,Addiction_Culture
56614,We need to keep playing to stay on leaderboard,Community_Peer_Pressure
59358,Don’t fall behind the clan schedule,No_Sleep_Challenges
55919,Why is everyone pushing no-sleep raids?,Burnout_Symptoms
50853,Anyone else skipping sleep to finish challenges?,No_Sleep_Challenges
54146,I can’t miss this meta-update grind,Burnout_Symptoms
53769,Anyone else skipping sleep to finish challenges?,No_Sleep_Challenges
50574,Anyone else skipping sleep to finish challenges?,FOMO_Driven_Play
51148,I'm grinding all night for the event,FOMO_Driven_Play
56293,This 48-hour marathon is insane but worth it,FOMO_Driven_Play
56457,Why is everyone pushing no-sleep raids?,Addiction_Culture
57509,This season pass is making me play nonstop,Burnout_Symptoms
59907,We need to keep playing to stay on leaderboard,FOMO_Driven_Play
54777,I can’t miss this meta-update grind,Addiction_Culture
53854,I feel burnt out but the reward is too good,Burnout_Symptoms
52491,Why is everyone pushing no-sleep raids?,No_Sleep_Challenges
53124,Community challenge forcing me to stay online,Addiction_Culture
55691,This season pass is making me play nonstop,Community_Peer_Pressure
53051,I'm grinding all night for the event,Addiction_Culture
50004,I'm grinding all night for the event,Addiction_Culture
55222,Why is everyone pushing no-sleep raids?,Burnout_Symptoms
55315,Don’t fall behind the clan schedule,No_Sleep_Challenges
54869,Anyone else skipping sleep to finish challenges?,Community_Peer_Pressure
50876,Community challenge forcing me to stay online,FOMO_Driven_Play
59183,I'm grinding all night for the event,FOMO_Driven_Play
57027,I can’t miss this meta-update grind,Addiction_Culture
54142,I'm grinding all night for the event,Burnout_Symptoms
56966,I feel burnt out but the reward is too good,Burnout_Symptoms
57079,We need to keep playing to stay on leaderboard,FOMO_Driven_Play
57987,I'm grinding all night for the event,Community_Peer_Pressure
56799,I feel burnt out but the reward is too good,No_Sleep_Challenges
54465,Why is everyone pushing no-sleep raids?,Community_Peer_Pressure
50635,Why is everyone pushing no-sleep raids?,No_Sleep_Challenges
51693,This season pass is making me play nonstop,FOMO_Driven_Play
59874,I'm grinding all night for the event,No_Sleep_Challenges
54752,I can’t miss this meta-update grind,Burnout_Symptoms
58311,I'm grinding all night for the event,Addiction_Culture
50830,I can’t miss this meta-update grind,Addiction_Culture
55177,This 48-hour marathon is insane but worth it,FOMO_Driven_Play
59561,This season pass is making me play nonstop,Burnout_Symptoms
58932,This 48-hour marathon is insane but worth it,Community_Peer_Pressure
58308,I'm grinding all night for the event,Burnout_Symptoms
55949,This season pass is making me play nonstop,Addiction_Culture
52838,This 48-hour marathon is insane but worth it,Addiction_Culture
51150,Anyone else skipping sleep to finish challenges?,Burnout_Symptoms
57560,I'm grinding all night for the event,Burnout_Symptoms
51931,This 48-hour marathon is insane but worth it,Addiction_Culture
59204,Anyone else skipping sleep to finish challenges?,Community_Peer_Pressure
51664,Anyone else skipping sleep to finish challenges?,FOMO_Driven_Play
51081,Why is everyone pushing no-sleep raids?,FOMO_Driven_Play
50512,I'm grinding all night for the event,Burnout_Symptoms
57805,Anyone else skipping sleep to finish challenges?,FOMO_Driven_Play
55237,Why is everyone pushing no-sleep raids?,Addiction_Culture
50559,This 48-hour marathon is insane but worth it,Addiction_Culture
53672,I feel burnt out but the reward is too good,Burnout_Symptoms
57404,I'm grinding all night for the event,Burnout_Symptoms
53343,This season pass is making me play nonstop,Burnout_Symptoms
54070,I can’t miss this meta-update grind,Community_Peer_Pressure
59662,I can’t miss this meta-update grind,FOMO_Driven_Play
50580,This 48-hour marathon is insane but worth it,Burnout_Symptoms
57004,Don’t fall behind the clan schedule,No_Sleep_Challenges
58130,Don’t fall behind the clan schedule,No_Sleep_Challenges
53147,This 48-hour marathon is insane but worth it,Addiction_Culture
54249,Anyone else skipping sleep to finish challenges?,FOMO_Driven_Play
51679,I'm grinding all night for the event,Burnout_Symptoms
53506,I can’t miss this meta-update grind,No_Sleep_Challenges
57253,I can’t miss this meta-update grind,FOMO_Driven_Play
52744,Anyone else skipping sleep to finish challenges?,Addiction_Culture
59435,I can’t miss this meta-update grind,Community_Peer_Pressure
55188,This season pass is making me play nonstop,FOMO_Driven_Play
52141,I'm grinding all night for the event,FOMO_Driven_Play
56617,We need to keep playing to stay on leaderboard,Community_Peer_Pressure
52479,I can’t miss this meta-update grind,FOMO_Driven_Play
56484,This 48-hour marathon is insane but worth it,Addiction_Culture
59827,This season pass is making me play nonstop,Addiction_Culture
57421,I can’t miss this meta-update grind,Community_Peer_Pressure
59949,This season pass is making me play nonstop,Burnout_Symptoms
54452,Why is everyone pushing no-sleep raids?,No_Sleep_Challenges
55881,We need to keep playing to stay on leaderboard,Burnout_Symptoms
56665,Community challenge forcing me to stay online,FOMO_Driven_Play
52849,This 48-hour marathon is insane but worth it,No_Sleep_Challenges
57390,This 48-hour marathon is insane but worth it,Community_Peer_Pressure
56905,I'm grinding all night for the event,Community_Peer_Pressure
52489,This season pass is making me play nonstop,No_Sleep_Challenges
59823,Anyone else skipping sleep to finish challenges?,Addiction_Culture
59207,This 48-hour marathon is insane but worth it,No_Sleep_Challenges
59540,This season pass is making me play nonstop,FOMO_Driven_Play
54611,This season pass is making me play nonstop,Addiction_Culture
52839,I feel burnt out but the reward is too good,Community_Peer_Pressure
58527,I feel burnt out but the reward is too good,No_Sleep_Challenges
55878,Community challenge forcing me to stay online,Burnout_Symptoms
59087,Why is everyone pushing no-sleep raids?,Burnout_Symptoms
56303,Community challenge forcing me to stay online,FOMO_Driven_Play
50851,I can’t miss this meta-update grind,Burnout_Symptoms
51687,Anyone else skipping sleep to finish challenges?,No_Sleep_Challenges
56833,I can’t miss this meta-update grind,No_Sleep_Challenges
52427,Don’t fall behind the clan schedule,Burnout_Symptoms
59760,I can’t miss this meta-update grind,No_Sleep_Challenges
54000,I'm grinding all night for the event,FOMO_Driven_Play
55052,I can’t miss this meta-update grind,Addiction_Culture
52738,Community challenge forcing me to stay online,FOMO_Driven_Play
55732,This 48-hour marathon is insane but worth it,FOMO_Driven_Play
55387,This 48-hour marathon is insane but worth it,No_Sleep_Challenges
58002,I feel burnt out but the reward is too good,Addiction_Culture
55536,Anyone else skipping sleep to finish challenges?,No_Sleep_Challenges
53913,Anyone else skipping sleep to finish challenges?,Community_Peer_Pressure
51066,I'm grinding all night for the event,No_Sleep_Challenges
57723,Community challenge forcing me to stay online,No_Sleep_Challenges
54380,I feel burnt out but the reward is too good,No_Sleep_Challenges
54107,Don’t fall behind the clan schedule,Addiction_Culture
55726,Anyone else skipping sleep to finish challenges?,No_Sleep_Challenges
53373,This 48-hour marathon is insane but worth it,Addiction_Culture
58945,I can’t miss this meta-update grind,Burnout_Symptoms
52082,I can’t miss this meta-update grind,Community_Peer_Pressure
58967,I feel burnt out but the reward is too good,Addiction_Culture
56748,Community challenge forcing me to stay online,Burnout_Symptoms
59817,Community challenge forcing me to stay online,Addiction_Culture
50417,Why is everyone pushing no-sleep raids?,Addiction_Culture
58306,We need to keep playing to stay on leaderboard,Community_Peer_Pressure
58808,Anyone else skipping sleep to finish challenges?,FOMO_Driven_Play
53974,Community challenge forcing me to stay online,FOMO_Driven_Play
53267,This 48-hour marathon is insane but worth it,Addiction_Culture
50825,I feel burnt out but the reward is too good,No_Sleep_Challenges
57668,Don’t fall behind the clan schedule,Burnout_Symptoms
55745,Why is everyone pushing no-sleep raids?,No_Sleep_Challenges
59708,This season pass is making me play nonstop,No_Sleep_Challenges
50412,I'm grinding all night for the event,Addiction_Culture
57543,Don’t fall behind the clan schedule,Addiction_Culture
57587,This season pass is making me play nonstop,Addiction_Culture
50728,I can’t miss this meta-update grind,Addiction_Culture
57164,I'm grinding all night for the event,FOMO_Driven_Play
58867,Anyone else skipping sleep to finish challenges?,Addiction_Culture
55988,This 48-hour marathon is insane but worth it,FOMO_Driven_Play
52504,I'm grinding all night for the event,FOMO_Driven_Play
52967,We need to keep playing to stay on leaderboard,Addiction_Culture
52786,This season pass is making me play nonstop,Community_Peer_Pressure
51122,Anyone else skipping sleep to finish challenges?,Burnout_Symptoms
54079,We need to keep playing to stay on leaderboard,No_Sleep_Challenges
51571,I can’t miss this meta-update grind,FOMO_Driven_Play
55073,We need to keep playing to stay on leaderboard,Burnout_Symptoms
55104,Why is everyone pushing no-sleep raids?,Community_Peer_Pressure
52143,Why is everyone pushing no-sleep raids?,No_Sleep_Challenges
59879,I feel burnt out but the reward is too good,No_Sleep_Challenges
56806,Don’t fall behind the clan schedule,FOMO_Driven_Play
57357,Don’t fall behind the clan schedule,Addiction_Culture
53440,Anyone else skipping sleep to finish challenges?,Community_Peer_Pressure
53766,I can’t miss this meta-update grind,FOMO_Driven_Play
55644,Community challenge forcing me to stay online,Community_Peer_Pressure
52914,Why is everyone pushing no-sleep raids?,Addiction_Culture
54968,Anyone else skipping sleep to finish challenges?,Addiction_Culture
55917,Community challenge forcing me to stay online,FOMO_Driven_Play
58787,Don’t fall behind the clan schedule,Addiction_Culture
50728,I feel burnt out but the reward is too good,Burnout_Symptoms
51365,We need to keep playing to stay on leaderboard,No_Sleep_Challenges
54492,Why is everyone pushing no-sleep raids?,FOMO_Driven_Play
50698,Anyone else skipping sleep to finish challenges?,Community_Peer_Pressure
57186,I'm grinding all night for the event,Burnout_Symptoms
50395,Community challenge forcing me to stay online,FOMO_Driven_Play
57400,We need to keep playing to stay on leaderboard,Addiction_Culture
58082,Why is everyone pushing no-sleep raids?,Addiction_Culture
54171,Don’t fall behind the clan schedule,Addiction_Culture
54360,I can’t miss this meta-update grind,Addiction_Culture
52502,Community challenge forcing me to stay online,Community_Peer_Pressure
50717,Don’t fall behind the clan schedule,Burnout_Symptoms
52782,Why is everyone pushing no-sleep raids?,No_Sleep_Challenges
54946,Community challenge forcing me to stay online,Community_Peer_Pressure
55486,We need to keep playing to stay on leaderboard,Community_Peer_Pressure
58335,Why is everyone pushing no-sleep raids?,No_Sleep_Challenges
54980,This season pass is making me play nonstop,No_Sleep_Challenges
57266,Anyone else skipping sleep to finish challenges?,Addiction_Culture
54491,We need to keep playing to stay on leaderboard,Community_Peer_Pressure
57192,Community challenge forcing me to stay online,FOMO_Driven_Play
55588,I can’t miss this meta-update grind,No_Sleep_Challenges
57651,Don’t fall behind the clan schedule,No_Sleep_Challenges
53636,I'm grinding all night for the event,Burnout_Symptoms
51167,Don’t fall behind the clan schedule,FOMO_Driven_Play
51062,Community challenge forcing me to stay online,FOMO_Driven_Play
52156,Don’t fall behind the clan schedule,No_Sleep_Challenges
57860,Anyone else skipping sleep to finish challenges?,Addiction_Culture
55161,Why is everyone pushing no-sleep raids?,Burnout_Symptoms
55305,I'm grinding all night for the event,FOMO_Driven_Play
56541,This 48-hour marathon is insane but worth it,No_Sleep_Challenges
54729,Community challenge forcing me to stay online,FOMO_Driven_Play
59348,I feel burnt out but the reward is too good,Burnout_Symptoms
57330,This 48-hour marathon is insane but worth it,Burnout_Symptoms
55334,Don’t fall behind the clan schedule,Community_Peer_Pressure
58924,Community challenge forcing me to stay online,No_Sleep_Challenges
54330,This season pass is making me play nonstop,Burnout_Symptoms
58010,I feel burnt out but the reward is too good,Community_Peer_Pressure
56801,I'm grinding all night for the event,Community_Peer_Pressure
54846,I can’t miss this meta-update grind,FOMO_Driven_Play
56731,This season pass is making me play nonstop,FOMO_Driven_Play
57241,This 48-hour marathon is insane but worth it,Community_Peer_Pressure
50953,Why is everyone pushing no-sleep raids?,FOMO_Driven_Play
52539,Anyone else skipping sleep to finish challenges?,Burnout_Symptoms
57056,I can’t miss this meta-update grind,Addiction_Culture
51542,This season pass is making me play nonstop,Burnout_Symptoms
55293,Why is everyone pushing no-sleep raids?,Community_Peer_Pressure
51191,Why is everyone pushing no-sleep raids?,Community_Peer_Pressure
56313,Community challenge forcing me to stay online,Burnout_Symptoms
56938,This season pass is making me play nonstop,FOMO_Driven_Play
52681,I'm grinding all night for the event,FOMO_Driven_Play
59409,Don’t fall behind the clan schedule,Community_Peer_Pressure
51540,I feel burnt out but the reward is too good,No_Sleep_Challenges
56172,I feel burnt out but the reward is too good,FOMO_Driven_Play
55541,This 48-hour marathon is insane but worth it,Burnout_Symptoms
59580,This 48-hour marathon is insane but worth it,FOMO_Driven_Play
51365,I feel burnt out but the reward is too good,Burnout_Symptoms
58691,I'm grinding all night for the event,Community_Peer_Pressure
59872,Anyone else skipping sleep to finish challenges?,FOMO_Driven_Play
58702,We need to keep playing to stay on leaderboard,Burnout_Symptoms
57494,Don’t fall behind the clan schedule,Community_Peer_Pressure
54312,Anyone else skipping sleep to finish challenges?,No_Sleep_Challenges
51324,Community challenge forcing me to stay online,Burnout_Symptoms
59347,We need to keep playing to stay on leaderboard,No_Sleep_Challenges
53141,We need to keep playing to stay on leaderboard,No_Sleep_Challenges
57419,This season pass is making me play nonstop,Addiction_Culture
53486,I'm grinding all night for the event,FOMO_Driven_Play
51810,I'm grinding all night for the event,Burnout_Symptoms
56588,We need to keep playing to stay on leaderboard,No_Sleep_Challenges
52923,This season pass is making me play nonstop,Addiction_Culture
55301,Don’t fall behind the clan schedule,Community_Peer_Pressure
54186,We need to keep playing to stay on leaderboard,Burnout_Symptoms
58905,I can’t miss this meta-update grind,No_Sleep_Challenges
55977,This 48-hour marathon is insane but worth it,FOMO_Driven_Play
54268,This 48-hour marathon is insane but worth it,Addiction_Culture
54748,Anyone else skipping sleep to finish challenges?,No_Sleep_Challenges
54849,Community challenge forcing me to stay online,FOMO_Driven_Play
59435,This 48-hour marathon is insane but worth it,No_Sleep_Challenges
53709,Why is everyone pushing no-sleep raids?,Burnout_Symptoms
59273,Anyone else skipping sleep to finish challenges?,Burnout_Symptoms
56619,This 48-hour marathon is insane but worth it,Burnout_Symptoms
58647,Community challenge forcing me to stay online,Addiction_Culture
59086,I'm grinding all night for the event,Burnout_Symptoms
59576,I'm grinding all night for the event,FOMO_Driven_Play
53072,Don’t fall behind the clan schedule,No_Sleep_Challenges
56530,We need to keep playing to stay on leaderboard,Community_Peer_Pressure
50504,I can’t miss this meta-update grind,FOMO_Driven_Play
51214,I'm grinding all night for the event,FOMO_Driven_Play
51531,This season pass is making me play nonstop,Burnout_Symptoms
57576,This 48-hour marathon is insane but worth it,Addiction_Culture
50823,This season pass is making me play nonstop,No_Sleep_Challenges
50928,Community challenge forcing me to stay online,Addiction_Culture
55029,I'm grinding all night for the event,No_Sleep_Challenges
50133,I can’t miss this meta-update grind,No_Sleep_Challenges
52105,Community challenge forcing me to stay online,Addiction_Culture
53627,Why is everyone pushing no-sleep raids?,FOMO_Driven_Play
56316,Why is everyone pushing no-sleep raids?,No_Sleep_Challenges
51852,This season pass is making me play nonstop,Addiction_Culture
54910,We need to keep playing to stay on leaderboard,No_Sleep_Challenges
54175,Anyone else skipping sleep to finish challenges?,Community_Peer_Pressure
55348,We need to keep playing to stay on leaderboard,FOMO_Driven_Play
59442,Don’t fall behind the clan schedule,Burnout_Symptoms
56190,We need to keep playing to stay on leaderboard,No_Sleep_Challenges
51256,Don’t fall behind the clan schedule,Community_Peer_Pressure
53376,Don’t fall behind the clan schedule,Burnout_Symptoms
55645,I can’t miss this meta-update grind,Burnout_Symptoms
53486,I'm grinding all night for the event,No_Sleep_Challenges
53584,I can’t miss this meta-update grind,Addiction_Culture
59588,Don’t fall behind the clan schedule,No_Sleep_Challenges
58053,Community challenge forcing me to stay online,Community_Peer_Pressure
53330,Why is everyone pushing no-sleep raids?,Burnout_Symptoms
52703,Don’t fall behind the clan schedule,No_Sleep_Challenges
58662,I can’t miss this meta-update grind,Addiction_Culture
58120,Community challenge forcing me to stay online,No_Sleep_Challenges
57114,I can’t miss this meta-update grind,FOMO_Driven_Play
51353,We need to keep playing to stay on leaderboard,Addiction_Culture
55063,This 48-hour marathon is insane but worth it,Community_Peer_Pressure
58549,This season pass is making me play nonstop,Burnout_Symptoms
57575,Anyone else skipping sleep to finish challenges?,No_Sleep_Challenges
50667,I can’t miss this meta-update grind,Addiction_Culture
54468,Anyone else skipping sleep to finish challenges?,FOMO_Driven_Play
59337,I feel burnt out but the reward is too good,Addiction_Culture
56819,I can’t miss this meta-update grind,FOMO_Driven_Play
53719,This 48-hour marathon is insane but worth it,Community_Peer_Pressure
52745,Anyone else skipping sleep to finish challenges?,Burnout_Symptoms
57483,Don’t fall behind the clan schedule,Community_Peer_Pressure
50539,I can’t miss this meta-update grind,No_Sleep_Challenges
54964,I'm grinding all night for the event,Addiction_Culture
54835,This season pass is making me play nonstop,FOMO_Driven_Play
53775,This 48-hour marathon is insane but worth it,FOMO_Driven_Play
56042,Anyone else skipping sleep to finish challenges?,Addiction_Culture
57102,This 48-hour marathon is insane but worth it,Addiction_Culture
57312,Community challenge forcing me to stay online,No_Sleep_Challenges
55320,This season pass is making me play nonstop,Community_Peer_Pressure
56132,Don’t fall behind the clan schedule,FOMO_Driven_Play
57891,I can’t miss this meta-update grind,No_Sleep_Challenges
52779,I can’t miss this meta-update grind,Community_Peer_Pressure
50924,I can’t miss this meta-update grind,No_Sleep_Challenges
51581,This season pass is making me play nonstop,FOMO_Driven_Play
57714,I'm grinding all night for the event,Addiction_Culture
53324,I feel burnt out but the reward is too good,Addiction_Culture
55713,Why is everyone pushing no-sleep raids?,Community_Peer_Pressure
57026,We need to keep playing to stay on leaderboard,Burnout_Symptoms
50255,Anyone else skipping sleep to finish challenges?,Community_Peer_Pressure
54804,I'm grinding all night for the event,Burnout_Symptoms
51838,Don’t fall behind the clan schedule,No_Sleep_Challenges
50009,Anyone else skipping sleep to finish challenges?,No_Sleep_Challenges
52871,I can’t miss this meta-update grind,FOMO_Driven_Play
58989,This 48-hour marathon is insane but worth it,Burnout_Symptoms
57409,Don’t fall behind the clan schedule,FOMO_Driven_Play
57418,Anyone else skipping sleep to finish challenges?,Addiction_Culture
55124,I can’t miss this meta-update grind,Burnout_Symptoms
51015,Anyone else skipping sleep to finish challenges?,Community_Peer_Pressure
52193,This 48-hour marathon is insane but worth it,Addiction_Culture
58415,I can’t miss this meta-update grind,Addiction_Culture
57449,I feel burnt out but the reward is too good,Community_Peer_Pressure
54158,I'm grinding all night for the event,Addiction_Culture
53925,Community challenge forcing me to stay online,Burnout_Symptoms
56970,We need to keep playing to stay on leaderboard,FOMO_Driven_Play
56938,This season pass is making me play nonstop,Addiction_Culture
54784,We need to keep playing to stay on leaderboard,Burnout_Symptoms
54000,Don’t fall behind the clan schedule,No_Sleep_Challenges
51633,We need to keep playing to stay on leaderboard,Burnout_Symptoms
57266,I can’t miss this meta-update grind,FOMO_Driven_Play
58702,I feel burnt out but the reward is too good,Burnout_Symptoms
50384,Community challenge forcing me to stay online,Community_Peer_Pressure
50404,I'm grinding all night for the event,FOMO_Driven_Play
58175,I'm grinding all night for the event,No_Sleep_Challenges
52000,This 48-hour marathon is insane but worth it,Community_Peer_Pressure
59860,This season pass is making me play nonstop,Burnout_Symptoms
55989,Anyone else skipping sleep to finish challenges?,FOMO_Driven_Play
51460,I feel burnt out but the reward is too good,No_Sleep_Challenges
57190,Anyone else skipping sleep to finish challenges?,Community_Peer_Pressure
57140,Community challenge forcing me to stay online,No_Sleep_Challenges
53636,We need to keep playing to stay on leaderboard,Burnout_Symptoms
54809,I'm grinding all night for the event,No_Sleep_Challenges
54178,Community challenge forcing me to stay online,Addiction_Culture
57245,We need to keep playing to stay on leaderboard,Community_Peer_Pressure
56600,I'm grinding all night for the event,No_Sleep_Challenges
55997,We need to keep playing to stay on leaderboard,Burnout_Symptoms
52048,This season pass is making me play nonstop,Burnout_Symptoms
54780,I feel burnt out but the reward is too good,No_Sleep_Challenges
50716,Don’t fall behind the clan schedule,Burnout_Symptoms
57939,Community challenge forcing me to stay online,FOMO_Driven_Play
55565,Community challenge forcing me to stay online,FOMO_Driven_Play
54544,Why is everyone pushing no-sleep raids?,FOMO_Driven_Play
54976,I can’t miss this meta-update grind,Addiction_Culture
53419,This season pass is making me play nonstop,No_Sleep_Challenges
57239,This season pass is making me play nonstop,Addiction_Culture
59766,Anyone else skipping sleep to finish challenges?,Burnout_Symptoms
